Bahamas,BS-AK,Acklins,District,BS
Bahamas,BS-BI,Bimini,District,BS
Bahamas,BS-BP,Black Point,District,BS
Bahamas,BS-BY,Berry Islands,District,BS
Bahamas,BS-CE,Central Eleuthera,District,BS
Bahamas,BS-CI,Cat Island,District,BS
Bahamas,BS-CK,Crooked Island and Long Cay,District,BS
Bahamas,BS-CO,Central Abaco,District,BS
Bahamas,BS-CS,Central Andros,District,BS
Bahamas,BS-EG,East Grand Bahama,District,BS
Bahamas,BS-EX,Exuma,District,BS
Bahamas,BS-FP,City of Freeport,District,BS
Bahamas,BS-GC,Grand Cay,District,BS
Bahamas,BS-HI,Harbour Island,District,BS
Bahamas,BS-HT,Hope Town,District,BS
Bahamas,BS-IN,Inagua,District,BS
Bahamas,BS-LI,Long Island,District,BS
Bahamas,BS-MC,Mangrove Cay,District,BS
Bahamas,BS-MG,Mayaguana,District,BS
Bahamas,BS-MI,Moore's Island,District,BS
Bahamas,BS-NE,North Eleuthera,District,BS
Bahamas,BS-NO,North Abaco,District,BS
Bahamas,BS-NP,New Providence,Island,BS
Bahamas,BS-NS,North Andros,District,BS
Bahamas,BS-RC,Rum Cay,District,BS
Bahamas,BS-RI,Ragged Island,District,BS
Bahamas,BS-SA,South Andros,District,BS
Bahamas,BS-SE,South Eleuthera,District,BS
Bahamas,BS-SO,South Abaco,District,BS
Bahamas,BS-SS,San Salvador,District,BS
Bahamas,BS-SW,Spanish Wells,District,BS
Bahamas,BS-WG,West Grand Bahama,District,BS
